iter	RMSE
0	0.7613596077
1	0.6913677481
